image_a,image_b,split_a,split_b,label_a,label_b
/Users/khangtran/.cache/kagglehub/datasets/saurabhbagchi/deepfake-image-detection/versions/2/test-20250112T065939Z-001/test/fake/103.jpg,/Users/khangtran/.cache/kagglehub/datasets/saurabhbagchi/deepfake-image-detection/versions/2/train-20250112T065955Z-001/train/fake/238.jpg,test,train,Fake,Fake
/Users/khangtran/.cache/kagglehub/datasets/saurabhbagchi/deepfake-image-detection/versions/2/test-20250112T065939Z-001/test/fake/112.jpg,/Users/khangtran/.cache/kagglehub/datasets/saurabhbagchi/deepfake-image-detection/versions/2/test-20250112T065939Z-001/test/fake/475.jpg,test,test,Fake,Fake
/Users/khangtran/.cache/kagglehub/datasets/saurabhbagchi/deepfake-image-detection/versions/2/test-20250112T065939Z-001/test/fake/272.jpg,/Users/khangtran/.cache/kagglehub/datasets/saurabhbagchi/deepfake-image-detection/versions/2/test-20250112T065939Z-001/test/fake/363.jpg,test,test,Fake,Fake
/Users/khangtran/.cache/kagglehub/datasets/saurabhbagchi/deepfake-image-detection/versions/2/test-20250112T065939Z-001/test/fake/315.jpg,/Users/khangtran/.cache/kagglehub/datasets/saurabhbagchi/deepfake-image-detection/versions/2/train-20250112T065955Z-001/train/fake/190.jpg,test,train,Fake,Fake
/Users/khangtran/.cache/kagglehub/datasets/saurabhbagchi/deepfake-image-detection/versions/2/test-20250112T065939Z-001/test/fake/326.jpg,/Users/khangtran/.cache/kagglehub/datasets/saurabhbagchi/deepfake-image-detection/versions/2/train-20250112T065955Z-001/train/fake/250.jpg,test,train,Fake,Fake
/Users/khangtran/.cache/kagglehub/datasets/saurabhbagchi/deepfake-image-detection/versions/2/test-20250112T065939Z-001/test/fake/377.jpg,/Users/khangtran/.cache/kagglehub/datasets/saurabhbagchi/deepfake-image-detection/versions/2/test-20250112T065939Z-001/test/fake/72.jpg,test,test,Fake,Fake
/Users/khangtran/.cache/kagglehub/datasets/saurabhbagchi/deepfake-image-detection/versions/2/test-20250112T065939Z-001/test/fake/4.jpg,/Users/khangtran/.cache/kagglehub/datasets/saurabhbagchi/deepfake-image-detection/versions/2/test-20250112T065939Z-001/test/real/5080.jpg,test,test,Fake,Real
/Users/khangtran/.cache/kagglehub/datasets/saurabhbagchi/deepfake-image-detection/versions/2/test-20250112T065939Z-001/test/fake/4.jpg,/Users/khangtran/.cache/kagglehub/datasets/saurabhbagchi/deepfake-image-detection/versions/2/train-20250112T065955Z-001/train/real/5316.jpg,test,train,Fake,Real
/Users/khangtran/.cache/kagglehub/datasets/saurabhbagchi/deepfake-image-detection/versions/2/test-20250112T065939Z-001/test/fake/402.jpg,/Users/khangtran/.cache/kagglehub/datasets/saurabhbagchi/deepfake-image-detection/versions/2/train-20250112T065955Z-001/train/fake/528.jpg,test,train,Fake,Fake
/Users/khangtran/.cache/kagglehub/datasets/saurabhbagchi/deepfake-image-detection/versions/2/test-20250112T065939Z-001/test/fake/404.jpg,/Users/khangtran/.cache/kagglehub/datasets/saurabhbagchi/deepfake-image-detection/versions/2/test-20250112T065939Z-001/test/fake/408.jpg,test,test,Fake,Fake
/Users/khangtran/.cache/kagglehub/datasets/saurabhbagchi/deepfake-image-detection/versions/2/test-20250112T065939Z-001/test/fake/430.jpg,/Users/khangtran/.cache/kagglehub/datasets/saurabhbagchi/deepfake-image-detection/versions/2/train-20250112T065955Z-001/train/fake/523.jpg,test,train,Fake,Fake
/Users/khangtran/.cache/kagglehub/datasets/saurabhbagchi/deepfake-image-detection/versions/2/test-20250112T065939Z-001/test/fake/435.jpg,/Users/khangtran/.cache/kagglehub/datasets/saurabhbagchi/deepfake-image-detection/versions/2/train-20250112T065955Z-001/train/fake/522.jpg,test,train,Fake,Fake
/Users/khangtran/.cache/kagglehub/datasets/saurabhbagchi/deepfake-image-detection/versions/2/test-20250112T065939Z-001/test/fake/456.jpg,/Users/khangtran/.cache/kagglehub/datasets/saurabhbagchi/deepfake-image-detection/versions/2/train-20250112T065955Z-001/train/fake/190.jpg,test,train,Fake,Fake
/Users/khangtran/.cache/kagglehub/datasets/saurabhbagchi/deepfake-image-detection/versions/2/test-20250112T065939Z-001/test/fake/488.jpg,/Users/khangtran/.cache/kagglehub/datasets/saurabhbagchi/deepfake-image-detection/versions/2/train-20250112T065955Z-001/train/fake/524.jpg,test,train,Fake,Fake
/Users/khangtran/.cache/kagglehub/datasets/saurabhbagchi/deepfake-image-detection/versions/2/test-20250112T065939Z-001/test/fake/57.jpg,/Users/khangtran/.cache/kagglehub/datasets/saurabhbagchi/deepfake-image-detection/versions/2/train-20250112T065955Z-001/train/fake/538.jpg,test,train,Fake,Fake
/Users/khangtran/.cache/kagglehub/datasets/saurabhbagchi/deepfake-image-detection/versions/2/test-20250112T065939Z-001/test/real/5001.jpg,/Users/khangtran/.cache/kagglehub/datasets/saurabhbagchi/deepfake-image-detection/versions/2/train-20250112T065955Z-001/train/real/5218.jpg,test,train,Real,Real
/Users/khangtran/.cache/kagglehub/datasets/saurabhbagchi/deepfake-image-detection/versions/2/test-20250112T065939Z-001/test/real/5012.jpg,/Users/khangtran/.cache/kagglehub/datasets/saurabhbagchi/deepfake-image-detection/versions/2/train-20250112T065955Z-001/train/real/5227.jpg,test,train,Real,Real
/Users/khangtran/.cache/kagglehub/datasets/saurabhbagchi/deepfake-image-detection/versions/2/test-20250112T065939Z-001/test/real/5017.jpg,/Users/khangtran/.cache/kagglehub/datasets/saurabhbagchi/deepfake-image-detection/versions/2/train-20250112T065955Z-001/train/real/5158.jpg,test,train,Real,Real
/Users/khangtran/.cache/kagglehub/datasets/saurabhbagchi/deepfake-image-detection/versions/2/test-20250112T065939Z-001/test/real/5022.jpg,/Users/khangtran/.cache/kagglehub/datasets/saurabhbagchi/deepfake-image-detection/versions/2/train-20250112T065955Z-001/train/real/5407.jpg,test,train,Real,Real
/Users/khangtran/.cache/kagglehub/datasets/saurabhbagchi/deepfake-image-detection/versions/2/test-20250112T065939Z-001/test/real/5029.jpg,/Users/khangtran/.cache/kagglehub/datasets/saurabhbagchi/deepfake-image-detection/versions/2/train-20250112T065955Z-001/train/real/5388.jpg,test,train,Real,Real
/Users/khangtran/.cache/kagglehub/datasets/saurabhbagchi/deepfake-image-detection/versions/2/test-20250112T065939Z-001/test/real/5041.jpg,/Users/khangtran/.cache/kagglehub/datasets/saurabhbagchi/deepfake-image-detection/versions/2/train-20250112T065955Z-001/train/real/5393.jpg,test,train,Real,Real
/Users/khangtran/.cache/kagglehub/datasets/saurabhbagchi/deepfake-image-detection/versions/2/test-20250112T065939Z-001/test/real/5047.jpg,/Users/khangtran/.cache/kagglehub/datasets/saurabhbagchi/deepfake-image-detection/versions/2/train-20250112T065955Z-001/train/real/5429.jpg,test,train,Real,Real
/Users/khangtran/.cache/kagglehub/datasets/saurabhbagchi/deepfake-image-detection/versions/2/test-20250112T065939Z-001/test/real/5048.jpg,/Users/khangtran/.cache/kagglehub/datasets/saurabhbagchi/deepfake-image-detection/versions/2/train-20250112T065955Z-001/train/real/5367.jpg,test,train,Real,Real
/Users/khangtran/.cache/kagglehub/datasets/saurabhbagchi/deepfake-image-detection/versions/2/test-20250112T065939Z-001/test/real/5050.jpg,/Users/khangtran/.cache/kagglehub/datasets/saurabhbagchi/deepfake-image-detection/versions/2/train-20250112T065955Z-001/train/real/5252.jpg,test,train,Real,Real
/Users/khangtran/.cache/kagglehub/datasets/saurabhbagchi/deepfake-image-detection/versions/2/test-20250112T065939Z-001/test/real/5051.jpg,/Users/khangtran/.cache/kagglehub/datasets/saurabhbagchi/deepfake-image-detection/versions/2/train-20250112T065955Z-001/train/real/5292.jpg,test,train,Real,Real
/Users/khangtran/.cache/kagglehub/datasets/saurabhbagchi/deepfake-image-detection/versions/2/test-20250112T065939Z-001/test/real/5056.jpg,/Users/khangtran/.cache/kagglehub/datasets/saurabhbagchi/deepfake-image-detection/versions/2/train-20250112T065955Z-001/train/real/5196.jpg,test,train,Real,Real
/Users/khangtran/.cache/kagglehub/datasets/saurabhbagchi/deepfake-image-detection/versions/2/test-20250112T065939Z-001/test/real/5059.jpg,/Users/khangtran/.cache/kagglehub/datasets/saurabhbagchi/deepfake-image-detection/versions/2/train-20250112T065955Z-001/train/real/5351.jpg,test,train,Real,Real
/Users/khangtran/.cache/kagglehub/datasets/saurabhbagchi/deepfake-image-detection/versions/2/test-20250112T065939Z-001/test/real/5067.jpg,/Users/khangtran/.cache/kagglehub/datasets/saurabhbagchi/deepfake-image-detection/versions/2/train-20250112T065955Z-001/train/real/5348.jpg,test,train,Real,Real
/Users/khangtran/.cache/kagglehub/datasets/saurabhbagchi/deepfake-image-detection/versions/2/test-20250112T065939Z-001/test/real/5069.jpg,/Users/khangtran/.cache/kagglehub/datasets/saurabhbagchi/deepfake-image-detection/versions/2/train-20250112T065955Z-001/train/real/5373.jpg,test,train,Real,Real
/Users/khangtran/.cache/kagglehub/datasets/saurabhbagchi/deepfake-image-detection/versions/2/test-20250112T065939Z-001/test/real/5073.jpg,/Users/khangtran/.cache/kagglehub/datasets/saurabhbagchi/deepfake-image-detection/versions/2/train-20250112T065955Z-001/train/real/5355.jpg,test,train,Real,Real
/Users/khangtran/.cache/kagglehub/datasets/saurabhbagchi/deepfake-image-detection/versions/2/test-20250112T065939Z-001/test/real/5080.jpg,/Users/khangtran/.cache/kagglehub/datasets/saurabhbagchi/deepfake-image-detection/versions/2/train-20250112T065955Z-001/train/real/5316.jpg,test,train,Real,Real
/Users/khangtran/.cache/kagglehub/datasets/saurabhbagchi/deepfake-image-detection/versions/2/test-20250112T065939Z-001/test/real/5083.jpg,/Users/khangtran/.cache/kagglehub/datasets/saurabhbagchi/deepfake-image-detection/versions/2/train-20250112T065955Z-001/train/real/5214.jpg,test,train,Real,Real
/Users/khangtran/.cache/kagglehub/datasets/saurabhbagchi/deepfake-image-detection/versions/2/test-20250112T065939Z-001/test/real/5096.jpg,/Users/khangtran/.cache/kagglehub/datasets/saurabhbagchi/deepfake-image-detection/versions/2/train-20250112T065955Z-001/train/real/5379.jpg,test,train,Real,Real
/Users/khangtran/.cache/kagglehub/datasets/saurabhbagchi/deepfake-image-detection/versions/2/test-20250112T065939Z-001/test/real/5099.jpg,/Users/khangtran/.cache/kagglehub/datasets/saurabhbagchi/deepfake-image-detection/versions/2/train-20250112T065955Z-001/train/real/5129.jpg,test,train,Real,Real
/Users/khangtran/.cache/kagglehub/datasets/saurabhbagchi/deepfake-image-detection/versions/2/test-20250112T065939Z-001/test/real/5106.jpg,/Users/khangtran/.cache/kagglehub/datasets/saurabhbagchi/deepfake-image-detection/versions/2/train-20250112T065955Z-001/train/real/5327.jpg,test,train,Real,Real
/Users/khangtran/.cache/kagglehub/datasets/saurabhbagchi/deepfake-image-detection/versions/2/test-20250112T065939Z-001/test/real/5108.jpg,/Users/khangtran/.cache/kagglehub/datasets/saurabhbagchi/deepfake-image-detection/versions/2/train-20250112T065955Z-001/train/real/5245.jpg,test,train,Real,Real
/Users/khangtran/.cache/kagglehub/datasets/saurabhbagchi/deepfake-image-detection/versions/2/train-20250112T065955Z-001/train/fake/163.jpg,/Users/khangtran/.cache/kagglehub/datasets/saurabhbagchi/deepfake-image-detection/versions/2/train-20250112T065955Z-001/train/fake/186.jpg,train,train,Fake,Fake
/Users/khangtran/.cache/kagglehub/datasets/saurabhbagchi/deepfake-image-detection/versions/2/train-20250112T065955Z-001/train/real/5132.jpg,/Users/khangtran/.cache/kagglehub/datasets/saurabhbagchi/deepfake-image-detection/versions/2/train-20250112T065955Z-001/train/real/5291.jpg,train,train,Real,Real
/Users/khangtran/.cache/kagglehub/datasets/saurabhbagchi/deepfake-image-detection/versions/2/train-20250112T065955Z-001/train/real/5149.jpg,/Users/khangtran/.cache/kagglehub/datasets/saurabhbagchi/deepfake-image-detection/versions/2/train-20250112T065955Z-001/train/real/5358.jpg,train,train,Real,Real
/Users/khangtran/.cache/kagglehub/datasets/saurabhbagchi/deepfake-image-detection/versions/2/train-20250112T065955Z-001/train/real/5215.jpg,/Users/khangtran/.cache/kagglehub/datasets/saurabhbagchi/deepfake-image-detection/versions/2/train-20250112T065955Z-001/train/real/5421.jpg,train,train,Real,Real
/Users/khangtran/.cache/kagglehub/datasets/saurabhbagchi/deepfake-image-detection/versions/2/train-20250112T065955Z-001/train/real/5227.jpg,/Users/khangtran/.cache/kagglehub/datasets/saurabhbagchi/deepfake-image-detection/versions/2/train-20250112T065955Z-001/train/real/5303.jpg,train,train,Real,Real
/Users/khangtran/.cache/kagglehub/datasets/saurabhbagchi/deepfake-image-detection/versions/2/train-20250112T065955Z-001/train/real/5255.jpg,/Users/khangtran/.cache/kagglehub/datasets/saurabhbagchi/deepfake-image-detection/versions/2/train-20250112T065955Z-001/train/real/5368.jpg,train,train,Real,Real
/Users/khangtran/.cache/kagglehub/datasets/saurabhbagchi/deepfake-image-detection/versions/2/train-20250112T065955Z-001/train/real/5260.jpg,/Users/khangtran/.cache/kagglehub/datasets/saurabhbagchi/deepfake-image-detection/versions/2/train-20250112T065955Z-001/train/real/5413.jpg,train,train,Real,Real
/Users/khangtran/.cache/kagglehub/datasets/saurabhbagchi/deepfake-image-detection/versions/2/train-20250112T065955Z-001/train/real/5276.jpg,/Users/khangtran/.cache/kagglehub/datasets/saurabhbagchi/deepfake-image-detection/versions/2/train-20250112T065955Z-001/train/real/5296.jpg,train,train,Real,Real
/Users/khangtran/.cache/kagglehub/datasets/saurabhbagchi/deepfake-image-detection/versions/2/train-20250112T065955Z-001/train/real/5321.jpg,/Users/khangtran/.cache/kagglehub/datasets/saurabhbagchi/deepfake-image-detection/versions/2/train-20250112T065955Z-001/train/real/5384.jpg,train,train,Real,Real
/Users/khangtran/.cache/kagglehub/datasets/saurabhbagchi/deepfake-image-detection/versions/2/train-20250112T065955Z-001/train/real/5344.jpg,/Users/khangtran/.cache/kagglehub/datasets/saurabhbagchi/deepfake-image-detection/versions/2/train-20250112T065955Z-001/train/real/5400.jpg,train,train,Real,Real
/Users/khangtran/.cache/kagglehub/datasets/saurabhbagchi/deepfake-image-detection/versions/2/train-20250112T065955Z-001/train/real/5377.jpg,/Users/khangtran/.cache/kagglehub/datasets/saurabhbagchi/deepfake-image-detection/versions/2/train-20250112T065955Z-001/train/real/5417.jpg,train,train,Real,Real
